Pages les plus populaires,Clics,Impressions,CTR,Position
https://gamedoor41.fr/,982,9498,10.34%,3.19
https://gamedoor41.fr/post/pont-ascension-caen-mai-2026/,30,159,18.87%,6.02
https://gamedoor41.fr/escape-game-caen/psychiatric/,24,493,4.87%,3.21
https://gamedoor41.fr/tarifs/,9,383,2.35%,4.18
https://gamedoor41.fr/escape-game-caen/,8,141,5.67%,6.65
https://gamedoor41.fr/escape-game-caen/back-to-the-80s/,8,125,6.4%,2.99
https://gamedoor41.fr/post/pont-14-juillet-caen-2026/,6,42,14.29%,4.76
https://gamedoor41.fr/post/sortie-couple-caen/,3,55,5.45%,11.4
https://gamedoor41.fr/quiz-game-caen/,2,160,1.25%,5.88
https://gamedoor41.fr/escape-game-caen/garde-a-vue/,2,87,2.3%,5.51
https://gamedoor41.fr/post/activites-indoor-caen-pluie/,2,75,2.67%,10.57
https://gamedoor41.fr/team-building-caen/,2,57,3.51%,14.16
https://gamedoor41.fr/contact/,1,74,1.35%,4.32
https://gamedoor41.fr/post/anniversaire-ado-caen/,1,22,4.55%,14.86
https://gamedoor41.fr/post/vacances-ete-caen-2026/,1,2,50%,5
https://gamedoor41.fr/post/escape-game-mondeville/,0,77,0%,3.79
https://gamedoor41.fr/evg-caen/,0,39,0%,12.9
https://gamedoor41.fr/mariage-caen/,0,33,0%,19.21
https://gamedoor41.fr/magazine/,0,33,0%,24.97
https://gamedoor41.fr/evjf-caen/,0,25,0%,20.12
https://gamedoor41.fr/anniversaire-caen/,0,18,0%,14.56
https://gamedoor41.fr/alternance/,0,9,0%,3.67
https://gamedoor41.fr/termes-conditions/,0,9,0%,9.89
https://gamedoor41.fr/post/anniversaire-enfant-caen/,0,8,0%,10.12
https://gamedoor41.fr/post/escape-game-caen-guide-complet-2026/,0,7,0%,7.57
https://gamedoor41.fr/devis/,0,6,0%,3.83
https://gamedoor41.fr/post/buzz-your-brain-jeu-televise-realiste-caen/,0,4,0%,9
https://gamedoor41.fr/post/escape-game-horreur-psychiatric-caen/,0,4,0%,13.25
https://gamedoor41.fr/cadeau/,0,3,0%,2.33
https://gamedoor41.fr/post/escape-game-a-deux-astuces-avantages/,0,3,0%,19.67
https://gamedoor41.fr/post/escape-game-ou-action-game-caen/,0,2,0%,2
https://gamedoor41.fr/politique-cookies/,0,2,0%,6
https://gamedoor41.fr/references-entreprises-caen/,0,2,0%,53
https://gamedoor41.fr/post/team-building-reussi-caen-escape-game/,0,2,0%,58.5
https://gamedoor41.fr/post/escape-game-caen-tarif-etudiant/,0,1,0%,1
https://gamedoor41.fr/post/carte-cadeau-escape-quiz-caen/,0,1,0%,4
https://gamedoor41.fr/post/organiser-evjf-evg-inoubliable-caen/,0,1,0%,9
https://gamedoor41.fr/post/escape-game-back-to-80s-famille-caen/,0,1,0%,10